SEQ_LEN,torch.nn.functional.scaled_dot_product_attention,This tutorial's optimized implementation
512.000000,10.022152,10.750742
1024.000000,15.286489,14.638475
1536.000000,19.463448,17.641122
