SEQ_LEN,Triton,Torch
256.000000,11.790467,18.607882
512.000000,13.821247,29.432733
1024.000000,15.291808,38.519606
2048.000000,16.183094,50.208638
4096.000000,16.661031,57.876168
8192.000000,16.961902,61.515383
