SEQ_LEN,Triton,Torch
256.000000,18.492048,18.565665
512.000000,25.458361,29.493884
1024.000000,30.904381,40.773850
2048.000000,35.339985,49.765566
4096.000000,37.263293,57.478670
8192.000000,38.563986,61.739461
