SEQ_LEN,Triton,Torch
256.000000,51.755047,49.052407
512.000000,62.617015,59.779548
1024.000000,52.816865,62.754177
2048.000000,66.371177,67.424219
4096.000000,68.923492,69.159886
8192.000000,68.232837,69.946907
