N_CTX,Triton [FP16],Triton [FP8]
1024.000000,29.971440,28.663652
2048.000000,37.858077,37.844389
4096.000000,45.193232,42.449335
8192.000000,49.884868,48.744407
16384.000000,52.283541,52.293470
