SEQ_LEN,Triton,Torch
256.000000,9.175527,9.801550
512.000000,12.564026,18.093878
1024.000000,15.312220,27.396198
2048.000000,17.429968,37.263038
4096.000000,18.322426,49.793260
8192.000000,18.822535,56.610604
