SEQ_LEN,Triton,Torch
256.000000,9.806595,9.803745
512.000000,13.132566,18.012037
1024.000000,15.902387,27.162982
2048.000000,17.704729,36.738766
4096.000000,18.446701,48.789593
8192.000000,19.121241,56.206698
