SEQ_LEN,Triton,Torch
256.000000,21.569853,17.716875
512.000000,42.733850,43.793865
1024.000000,55.094748,62.206113
2048.000000,60.154462,69.197705
4096.000000,69.094838,68.295826
