N_CTX,Triton [FP16],Triton [FP8]
1024.000000,55.910610,52.805196
2048.000000,62.330607,56.322623
4096.000000,67.813934,60.326540
8192.000000,70.804944,63.570377
16384.000000,72.615133,64.278598
