SEQ_LEN,Triton,Torch
256.000000,5.343692,6.031478
512.000000,12.286687,14.247078
1024.000000,15.270014,24.525252
2048.000000,16.673207,37.418933
4096.000000,17.356527,44.968681
