SEQ_LEN,Triton,Torch
256.000000,51.001241,49.055292
512.000000,60.639176,58.051893
1024.000000,52.119661,61.327928
2048.000000,65.454035,65.608030
4096.000000,67.774962,67.552208
8192.000000,67.183921,68.440513
