N_CTX,Triton [FP16],Triton [FP8]
1024.000000,60.279594,64.302804
2048.000000,71.110614,65.106712
4096.000000,72.590842,66.217280
8192.000000,72.135830,65.871713
16384.000000,72.691331,65.963778
