SEQ_LEN,Triton,Torch
256.000000,51.291846,49.511027
512.000000,58.321083,60.131929
1024.000000,65.024745,62.217043
2048.000000,63.769722,66.572956
4096.000000,70.601426,71.088721
8192.000000,68.851120,69.985371
