N_CTX,Triton,torch
256.000000,9.641253,8.209492
512.000000,22.380873,19.909412
1024.000000,38.730863,30.070023
2048.000000,53.558551,48.415858
4096.000000,60.202993,57.759822
