N_CTX,Triton,torch
256.000000,6.405973,6.004839
512.000000,16.230616,14.348469
1024.000000,26.448610,24.609432
2048.000000,36.629827,37.629873
4096.000000,44.104336,46.521137
