N_CTX,Triton,torch
256.000000,12.849741,12.089494
512.000000,32.576281,28.243242
1024.000000,52.968129,42.076189
2048.000000,72.708488,51.518586
4096.000000,88.511333,53.642899
