SEQ_LEN,Triton,Torch
256.000000,10.723327,8.346297
512.000000,22.308511,20.116569
1024.000000,38.713376,30.076820
2048.000000,53.565892,49.241005
4096.000000,63.742744,58.198589
