SEQ_LEN,Triton,Torch
256.000000,10.974812,12.106975
512.000000,25.167114,28.001318
1024.000000,31.475009,41.682325
2048.000000,34.449662,51.498788
4096.000000,35.919523,53.912037
