SEQ_LEN,Triton,Torch
256.000000,20.022227,18.691060
512.000000,26.603753,29.731973
1024.000000,31.886753,40.535383
2048.000000,35.734693,49.733293
4096.000000,37.354040,56.755580
8192.000000,38.341519,61.158433
