SEQ_LEN,Triton,Torch
256.000000,31.326610,21.867571
512.000000,46.206316,35.651680
1024.000000,46.366486,46.492426
2048.000000,58.493096,52.016769
4096.000000,64.731014,55.899306
8192.000000,65.750194,58.292569
