SEQ_LEN,Triton,Torch
256.000000,31.303356,21.861527
512.000000,46.930091,35.784823
1024.000000,47.543908,48.247218
2048.000000,60.272353,53.551431
4096.000000,66.054064,58.134369
8192.000000,68.397734,58.503384
