N_CTX,Triton,torch
256.000000,20.048948,17.719676
512.000000,42.570606,43.719752
1024.000000,55.171374,62.808507
2048.000000,64.223929,69.445915
4096.000000,71.107790,69.046477
